{ "icon-cloud-download-95": 59906, "icon-home-minimal": 59907, "icon-single-04": 59908, "icon-users-mm": 59909, "icon-webpage": 59910, "icon-layout-25": 59911, "icon-analytics": 59912, "icon-chart-pie-36": 59913, "icon-chart-bar-33": 59914, "icon-single-copy-06": 59915, "icon-home": 59916, "icon-single-content-03": 59917, "icon-bell-53": 59918, "icon-email-84": 59919, "icon-send": 59920, "icon-at-sign": 59921, "icon-attach-87": 59922, "icon-edit-72": 59923, "icon-tail-right": 59924, "icon-minimal-right": 59925, "icon-tail-left": 59926, "icon-minimal-left": 59927, "icon-tail-up": 59928, "icon-minimal-up": 59929, "icon-minimal-down": 59930, "icon-tail-down": 59931, "icon-settings-gear-64": 59932, "icon-settings": 59933, "icon-menu-dots": 59934, "icon-menu-left": 59935, "icon-funnel-40": 59936, "icon-filter": 59937, "icon-preferences-circle": 59938, "icon-check-2": 59939, "icon-cart-simple": 59940, "icon-cart-9": 59941, "icon-card-update": 59942, "icon-basket": 59943, "icon-check-circle-07": 59944, "icon-simple-remove": 59945, "icon-circle-remove": 59946, "icon-alert-circle-exc": 59947, "icon-bug": 59948, "icon-share-66": 59949, "icon-time-3": 59950, "icon-time": 59951, "icon-coffee": 59952, "icon-smile": 59953, "icon-sad": 59954, "icon-broken-heart": 59955, "icon-heart-2": 59956, "icon-pin-3": 59957, "icon-marker-3": 59958, "icon-globe-2": 59959, "icon-world-2": 59960, "icon-phone-2": 59961, "icon-check-square-11": 59962, "icon-wallet-90": 59963, "icon-credit-card": 59964, "icon-payment": 59965, "icon-tag": 59966, "icon-tag-cut": 59967, "icon-tag-content": 59968, "icon-flag-diagonal-33": 59969, "icon-triangle-right-17": 59975, "icon-puzzle-10": 59976, "icon-triangle-right-17-2": 59977, "icon-btn-play": 59978, "icon-btn-play-2": 59979, "icon-menu-34": 59980, "icon-menu-left-2": 59981, "icon-heart-2-2": 59982, "icon-single-04-2": 59983, "icon-users-mm-2": 59984, "icon-l-settings": 59985, "icon-book-open-2": 59986, "icon-layers-3": 59987, "icon-logo-fb-simple": 59989, "icon-logo-twitter": 59990, "icon-google": 59991, "icon-logo-pinterest": 59992, "icon-logo-instagram": 59993, "icon-logo-dribbble": 59994, "icon-tablet-mobile": 59995, "icon-house-search-engine": 59996, "icon-house-pricing": 59997, "icon-pulse-chart": 59998, "icon-plug": 59999, "icon-app-store": 60000, "icon-power-level": 60001, "icon-window-add": 60002, "icon-form": 60003, "icon-folder-15": 60004, "icon-lock": 60005, "icon-unlocked": 60006, "icon-e-reader": 60007, "icon-layout-grid": 60008, "icon-single-copies": 60009}